TimeUTC,timestampInMs,requestPath,requestMethod,requestQueryString,responseStatusCode,requestId,requestUserAgent,level,environment,branch,vercelCache,type,function,host,deploymentDomain,deploymentId,durationMs,region,maxMemoryUsed,memorySize,message,projectId,traceId,sessionId,invocationId,instanceId,concurrency
2026-02-19 07:40:12,1771486812551,rep-chess-tg-app-zgwj.vercel.app/api/tournaments/32/tours/81/pairings,POST,nxtPid=32&nxtPtourId=81,201,4pv9k-1771486812551-6f97c341413b,"Mozilla/5.0 (Macintosh; Intel Mac OS X 10_15_7) AppleWebKit/605.1.15 (KHTML, like Gecko)",,production,main,MISS,function,/api/tournaments/[id]/tours/[tourId]/pairings,rep-chess-tg-app-zgwj.vercel.app,rep-chess-tg-app-zgwj-46hvug471-dmitryekimyans-projects.vercel.app,dpl_G21ckYr7jzqVUPoxVMuN4R4u9Qfr,2240,iad1,289,2048,,prj_0yLHQMiPgbEVxj7Lxilg4OfigUTu,,,01KHTDF6HEX9WA3A7FHBGT2D1Z,NrtzGLjjEslc,1
2026-02-19 07:40:10,1771486810652,rep-chess-tg-app-zgwj.vercel.app/api/tournaments/32/tours,POST,nxtPid=32,201,42zlw-1771486810652-9bca86347447,"Mozilla/5.0 (Macintosh; Intel Mac OS X 10_15_7) AppleWebKit/605.1.15 (KHTML, like Gecko)",,production,main,MISS,function,/api/tournaments/[id]/tours,rep-chess-tg-app-zgwj.vercel.app,rep-chess-tg-app-zgwj-46hvug471-dmitryekimyans-projects.vercel.app,dpl_G21ckYr7jzqVUPoxVMuN4R4u9Qfr,1455,iad1,272,2048,,prj_0yLHQMiPgbEVxj7Lxilg4OfigUTu,,,01KHTDF4JQ8WRY7HS9BH38E384,6NEOzttzLblE,1
2026-02-19 07:40:04,1771486804537,rep-chess-tg-app-zgwj.vercel.app/api/tournaments/32,GET,nxtPid=32,200,8ckdw-1771486804537-35287836a4df,"Mozilla/5.0 (Macintosh; Intel Mac OS X 10_15_7) AppleWebKit/605.1.15 (KHTML, like Gecko)",,production,main,MISS,function,/api/tournaments/[id],rep-chess-tg-app-zgwj.vercel.app,rep-chess-tg-app-zgwj-46hvug471-dmitryekimyans-projects.vercel.app,dpl_G21ckYr7jzqVUPoxVMuN4R4u9Qfr,676,iad1,260,2048,,prj_0yLHQMiPgbEVxj7Lxilg4OfigUTu,,,01KHTDEYVG5VYJNE9AK97XSV8J,hOaeE173WsGj,1
2026-02-19 07:40:04,1771486804533,rep-chess-tg-app-zgwj.vercel.app/api/tournaments/32/tours/80/matches,GET,nxtPid=32&nxtPtourId=80,200,xhc9l-1771486804533-bf3986dfe7ee,"Mozilla/5.0 (Macintosh; Intel Mac OS X 10_15_7) AppleWebKit/605.1.15 (KHTML, like Gecko)",,production,main,MISS,function,/api/tournaments/[id]/tours/[tourId]/matches,rep-chess-tg-app-zgwj.vercel.app,rep-chess-tg-app-zgwj-46hvug471-dmitryekimyans-projects.vercel.app,dpl_G21ckYr7jzqVUPoxVMuN4R4u9Qfr,694,iad1,259,2048,,prj_0yLHQMiPgbEVxj7Lxilg4OfigUTu,,,01KHTDEYV4C63MKQRB6VJQCCK9,dd1NzN4czzis,1
2026-02-19 07:40:04,1771486804533,rep-chess-tg-app-zgwj.vercel.app/api/tournaments/32/tours,GET,nxtPid=32,200,llg4b-1771486804533-a74ee9596906,"Mozilla/5.0 (Macintosh; Intel Mac OS X 10_15_7) AppleWebKit/605.1.15 (KHTML, like Gecko)",,production,main,MISS,function,/api/tournaments/[id]/tours,rep-chess-tg-app-zgwj.vercel.app,rep-chess-tg-app-zgwj-46hvug471-dmitryekimyans-projects.vercel.app,dpl_G21ckYr7jzqVUPoxVMuN4R4u9Qfr,723,iad1,283,2048,,prj_0yLHQMiPgbEVxj7Lxilg4OfigUTu,,,01KHTDEYT20E8NVQ4N3G1EPJPA,qvzOQD0UPelZ,1
2026-02-19 07:40:04,1771486804533,rep-chess-tg-app-zgwj.vercel.app/api/tournaments/32/leaderboard,GET,nxtPid=32,200,fwhcd-1771486804533-7bd77efc919d,"Mozilla/5.0 (Macintosh; Intel Mac OS X 10_15_7) AppleWebKit/605.1.15 (KHTML, like Gecko)",,production,main,MISS,function,/api/tournaments/[id]/leaderboard,rep-chess-tg-app-zgwj.vercel.app,rep-chess-tg-app-zgwj-46hvug471-dmitryekimyans-projects.vercel.app,dpl_G21ckYr7jzqVUPoxVMuN4R4u9Qfr,1446,iad1,267,2048,,prj_0yLHQMiPgbEVxj7Lxilg4OfigUTu,,,01KHTDEYVQM09GTFBPSNCC0A2A,SdsJpHG74Jq4,1
2026-02-19 07:40:03,1771486803622,rep-chess-tg-app-zgwj.vercel.app/admin/tournaments/32/tours/80,GET,nxtPid=32&nxtPtourId=80,200,h8nkp-1771486803622-8178e68b1252,"Mozilla/5.0 (Macintosh; Intel Mac OS X 10_15_7) AppleWebKit/605.1.15 (KHTML, like Gecko)",,production,main,MISS,function,/admin/tournaments/[id]/tours/[tourId],rep-chess-tg-app-zgwj.vercel.app,rep-chess-tg-app-zgwj-46hvug471-dmitryekimyans-projects.vercel.app,dpl_G21ckYr7jzqVUPoxVMuN4R4u9Qfr,413,iad1,283,2048,,prj_0yLHQMiPgbEVxj7Lxilg4OfigUTu,,,01KHTDEXXT0AMA4TVXX1ZG2XKH,ZbAfwsVKkSOn,1
2026-02-19 07:39:56,1771486796703,rep-chess-tg-app-zgwj.vercel.app/api/tournaments/32/leaderboard,GET,nxtPid=32,200,8jqq7-1771486796703-2b10db86bf5c,"Mozilla/5.0 (Macintosh; Intel Mac OS X 10_15_7) AppleWebKit/605.1.15 (KHTML, like Gecko)",,production,main,MISS,function,/api/tournaments/[id]/leaderboard,rep-chess-tg-app-zgwj.vercel.app,rep-chess-tg-app-zgwj-arm27kg4x-dmitryekimyans-projects.vercel.app,dpl_EbNa9symscNMUPHhm8M3pBehsUk7,758,iad1,315,2048,,prj_0yLHQMiPgbEVxj7Lxilg4OfigUTu,,,01KHTDEPYA4GR23H7J3PZ7FX37,uKUWFNdLib1p,1
2026-02-19 07:39:52,1771486792753,rep-chess-tg-app-zgwj-46hvug471-dmitryekimyans-projects.vercel.app/,GET,,200,vd7gt-1771486792753-25fc4a980231,vercel-screenshot/1.0,,production,main,HIT,static,/,rep-chess-tg-app-zgwj-46hvug471-dmitryekimyans-projects.vercel.app,rep-chess-tg-app-zgwj-46hvug471-dmitryekimyans-projects.vercel.app,dpl_G21ckYr7jzqVUPoxVMuN4R4u9Qfr,7,sfo1,,,,prj_0yLHQMiPgbEVxj7Lxilg4OfigUTu,,,,,
2026-02-19 07:39:52,1771486792737,rep-chess-tg-app-zgwj-46hvug471-dmitryekimyans-projects.vercel.app/,GET,,200,x8xt2-1771486792737-b79fd976d63b,vercel-screenshot/1.0,,production,main,HIT,static,/,rep-chess-tg-app-zgwj-46hvug471-dmitryekimyans-projects.vercel.app,rep-chess-tg-app-zgwj-46hvug471-dmitryekimyans-projects.vercel.app,dpl_G21ckYr7jzqVUPoxVMuN4R4u9Qfr,51,sfo1,,,,prj_0yLHQMiPgbEVxj7Lxilg4OfigUTu,,,,,
2026-02-19 07:39:52,1771486792538,rep-chess-tg-app-zgwj-46hvug471-dmitryekimyans-projects.vercel.app/,GET,,200,gl4sd-1771486792538-58bbc40e6ae3,vercel-screenshot/1.0,,production,main,PRERENDER,static,/,rep-chess-tg-app-zgwj-46hvug471-dmitryekimyans-projects.vercel.app,rep-chess-tg-app-zgwj-46hvug471-dmitryekimyans-projects.vercel.app,dpl_G21ckYr7jzqVUPoxVMuN4R4u9Qfr,118,sfo1,,,,prj_0yLHQMiPgbEVxj7Lxilg4OfigUTu,,,,,
2026-02-19 07:39:52,1771486792468,rep-chess-tg-app-zgwj-46hvug471-dmitryekimyans-projects.vercel.app/,GET,,200,6kgvf-1771486792468-733a3076609c,"Mozilla/5.0 (X11; Linux x86_64) AppleWebKit/537.36 (KHTML, like Gecko) HeadlessChrome/141.0.7390.0 Safari/537.36",,production,main,PRERENDER,static,/,rep-chess-tg-app-zgwj-46hvug471-dmitryekimyans-projects.vercel.app,rep-chess-tg-app-zgwj-46hvug471-dmitryekimyans-projects.vercel.app,dpl_G21ckYr7jzqVUPoxVMuN4R4u9Qfr,186,sfo1,,,,prj_0yLHQMiPgbEVxj7Lxilg4OfigUTu,,,,,
2026-02-19 07:39:52,1771486792451,rep-chess-tg-app-zgwj-46hvug471-dmitryekimyans-projects.vercel.app/,GET,,200,czn4p-1771486792451-2104190d855d,vercel-screenshot/1.0,,production,main,PRERENDER,static,/,rep-chess-tg-app-zgwj-46hvug471-dmitryekimyans-projects.vercel.app,rep-chess-tg-app-zgwj-46hvug471-dmitryekimyans-projects.vercel.app,dpl_G21ckYr7jzqVUPoxVMuN4R4u9Qfr,203,sfo1,,,,prj_0yLHQMiPgbEVxj7Lxilg4OfigUTu,,,,,
2026-02-19 07:39:52,1771486792358,rep-chess-tg-app-zgwj-46hvug471-dmitryekimyans-projects.vercel.app/,GET,,200,h6t4h-1771486792358-c32eead58b0e,"Mozilla/5.0 (X11; Linux x86_64) AppleWebKit/537.36 (KHTML, like Gecko) HeadlessChrome/141.0.7390.0 Safari/537.36",,production,main,PRERENDER,static,/,rep-chess-tg-app-zgwj-46hvug471-dmitryekimyans-projects.vercel.app,rep-chess-tg-app-zgwj-46hvug471-dmitryekimyans-projects.vercel.app,dpl_G21ckYr7jzqVUPoxVMuN4R4u9Qfr,297,sfo1,,,,prj_0yLHQMiPgbEVxj7Lxilg4OfigUTu,,,,,
2026-02-19 07:39:47,1771486787945,rep-chess-tg-app-zgwj.vercel.app/api/tournaments/32/leaderboard,GET,nxtPid=32,200,pnp9z-1771486787945-1515e83b1067,"Mozilla/5.0 (Macintosh; Intel Mac OS X 10_15_7) AppleWebKit/605.1.15 (KHTML, like Gecko)",,production,main,MISS,function,/api/tournaments/[id]/leaderboard,rep-chess-tg-app-zgwj.vercel.app,rep-chess-tg-app-zgwj-arm27kg4x-dmitryekimyans-projects.vercel.app,dpl_EbNa9symscNMUPHhm8M3pBehsUk7,849,iad1,315,2048,,prj_0yLHQMiPgbEVxj7Lxilg4OfigUTu,,,01KHTDEECQ3E2JDEB02RKJD1HE,uKUWFNdLib1p,1
2026-02-19 07:39:47,1771486787266,rep-chess-tg-app-zgwj.vercel.app/api/tournaments/32/tours/80/matches,PATCH,nxtPid=32&nxtPtourId=80,200,782fs-1771486786994-631ca427bc42,"Mozilla/5.0 (Macintosh; Intel Mac OS X 10_15_7) AppleWebKit/605.1.15 (KHTML, like Gecko)",error,production,main,MISS,function,/api/tournaments/[id]/tours/[tourId]/matches,rep-chess-tg-app-zgwj.vercel.app,rep-chess-tg-app-zgwj.vercel.app,dpl_EbNa9symscNMUPHhm8M3pBehsUk7,,,,,"Error getting tournament by id: {
  code: 'PGRST116',
  details: 'The result contains 0 rows',
  hint: null,
  message: 'Cannot coerce the result to a single JSON object'
}",prj_0yLHQMiPgbEVxj7Lxilg4OfigUTu,,,,,
2026-02-19 07:39:47,1771486787804,rep-chess-tg-app-zgwj.vercel.app/api/tournaments/32/tours/80/matches,PATCH,nxtPid=32&nxtPtourId=80,200,782fs-1771486786994-631ca427bc42,"Mozilla/5.0 (Macintosh; Intel Mac OS X 10_15_7) AppleWebKit/605.1.15 (KHTML, like Gecko)",error,production,main,MISS,function,/api/tournaments/[id]/tours/[tourId]/matches,rep-chess-tg-app-zgwj.vercel.app,rep-chess-tg-app-zgwj.vercel.app,dpl_EbNa9symscNMUPHhm8M3pBehsUk7,,,,,"Error getting tournament by id: {
  code: 'PGRST116',
  details: 'The result contains 0 rows',
  hint: null,
  message: 'Cannot coerce the result to a single JSON object'
}",prj_0yLHQMiPgbEVxj7Lxilg4OfigUTu,,,,,
2026-02-19 07:39:46,1771486786994,rep-chess-tg-app-zgwj.vercel.app/api/tournaments/32/tours/80/matches,PATCH,nxtPid=32&nxtPtourId=80,200,782fs-1771486786994-631ca427bc42,"Mozilla/5.0 (Macintosh; Intel Mac OS X 10_15_7) AppleWebKit/605.1.15 (KHTML, like Gecko)",,production,main,MISS,function,/api/tournaments/[id]/tours/[tourId]/matches,rep-chess-tg-app-zgwj.vercel.app,rep-chess-tg-app-zgwj.vercel.app,dpl_EbNa9symscNMUPHhm8M3pBehsUk7,766,iad1,314,2048,,prj_0yLHQMiPgbEVxj7Lxilg4OfigUTu,,,01KHTDEC9HRBFND74XYFGSEERE,uKUWFNdLib1p,2
2026-02-19 07:39:46,1771486786613,rep-chess-tg-app-zgwj.vercel.app/api/tournaments/32/leaderboard,GET,nxtPid=32,200,mkswj-1771486786613-f0c8dcc1af5e,"Mozilla/5.0 (Macintosh; Intel Mac OS X 10_15_7) AppleWebKit/605.1.15 (KHTML, like Gecko)",,production,main,MISS,function,/api/tournaments/[id]/leaderboard,rep-chess-tg-app-zgwj.vercel.app,rep-chess-tg-app-zgwj-arm27kg4x-dmitryekimyans-projects.vercel.app,dpl_EbNa9symscNMUPHhm8M3pBehsUk7,920,iad1,314,2048,,prj_0yLHQMiPgbEVxj7Lxilg4OfigUTu,,,01KHTDEC9HRBFND74XYFGSEERE,uKUWFNdLib1p,2
2026-02-19 07:39:45,1771486785784,rep-chess-tg-app-zgwj.vercel.app/api/tournaments/32/leaderboard,GET,nxtPid=32,200,782fs-1771486785784-6fda8586a772,"Mozilla/5.0 (Macintosh; Intel Mac OS X 10_15_7) AppleWebKit/605.1.15 (KHTML, like Gecko)",,production,main,MISS,function,/api/tournaments/[id]/leaderboard,rep-chess-tg-app-zgwj.vercel.app,rep-chess-tg-app-zgwj-arm27kg4x-dmitryekimyans-projects.vercel.app,dpl_EbNa9symscNMUPHhm8M3pBehsUk7,919,iad1,314,2048,,prj_0yLHQMiPgbEVxj7Lxilg4OfigUTu,,,01KHTDEC9HRBFND74XYFGSEERE,uKUWFNdLib1p,2
2026-02-19 07:39:45,1771486785250,rep-chess-tg-app-zgwj.vercel.app/api/tournaments/32/tours/80/matches,PATCH,nxtPid=32&nxtPtourId=80,200,mkswj-1771486784942-feeb260d80bd,"Mozilla/5.0 (Macintosh; Intel Mac OS X 10_15_7) AppleWebKit/605.1.15 (KHTML, like Gecko)",error,production,main,MISS,function,/api/tournaments/[id]/tours/[tourId]/matches,rep-chess-tg-app-zgwj.vercel.app,rep-chess-tg-app-zgwj-arm27kg4x-dmitryekimyans-projects.vercel.app,dpl_EbNa9symscNMUPHhm8M3pBehsUk7,,,,,"Error getting tournament by id: {
  code: 'PGRST116',
  details: 'The result contains 0 rows',
  hint: null,
  message: 'Cannot coerce the result to a single JSON object'
}",prj_0yLHQMiPgbEVxj7Lxilg4OfigUTu,,,,,
2026-02-19 07:39:44,1771486784942,rep-chess-tg-app-zgwj.vercel.app/api/tournaments/32/tours/80/matches,PATCH,nxtPid=32&nxtPtourId=80,200,mkswj-1771486784942-feeb260d80bd,"Mozilla/5.0 (Macintosh; Intel Mac OS X 10_15_7) AppleWebKit/605.1.15 (KHTML, like Gecko)",,production,main,MISS,function,/api/tournaments/[id]/tours/[tourId]/matches,rep-chess-tg-app-zgwj.vercel.app,rep-chess-tg-app-zgwj-arm27kg4x-dmitryekimyans-projects.vercel.app,dpl_EbNa9symscNMUPHhm8M3pBehsUk7,472,iad1,314,2048,,prj_0yLHQMiPgbEVxj7Lxilg4OfigUTu,,,01KHTDEBF11QTF55B08DD56M6H,uKUWFNdLib1p,1
2026-02-19 07:39:36,1771486776611,rep-chess-tg-app-zgwj.vercel.app/api/tournaments/32/leaderboard,GET,nxtPid=32,200,n8sb5-1771486776611-8e862f935d3f,"Mozilla/5.0 (Macintosh; Intel Mac OS X 10_15_7) AppleWebKit/605.1.15 (KHTML, like Gecko)",,production,main,MISS,function,/api/tournaments/[id]/leaderboard,rep-chess-tg-app-zgwj.vercel.app,rep-chess-tg-app-zgwj-arm27kg4x-dmitryekimyans-projects.vercel.app,dpl_EbNa9symscNMUPHhm8M3pBehsUk7,868,iad1,314,2048,,prj_0yLHQMiPgbEVxj7Lxilg4OfigUTu,,,01KHTDE3AJPWS6QEQWN8K5C8VG,uKUWFNdLib1p,1
2026-02-19 07:39:25,1771486765595,rep-chess-tg-app-zgwj.vercel.app/api/tournaments/32/leaderboard,GET,nxtPid=32,200,7mcb8-1771486765595-564401205fde,"Mozilla/5.0 (Macintosh; Intel Mac OS X 10_15_7) AppleWebKit/605.1.15 (KHTML, like Gecko)",,production,main,MISS,function,/api/tournaments/[id]/leaderboard,rep-chess-tg-app-zgwj.vercel.app,rep-chess-tg-app-zgwj-arm27kg4x-dmitryekimyans-projects.vercel.app,dpl_EbNa9symscNMUPHhm8M3pBehsUk7,851,iad1,314,2048,,prj_0yLHQMiPgbEVxj7Lxilg4OfigUTu,,,01KHTDDRJC7FY30DHRH20TCFVJ,uKUWFNdLib1p,1
2026-02-19 07:39:14,1771486754597,rep-chess-tg-app-zgwj.vercel.app/api/tournaments/32/leaderboard,GET,nxtPid=32,200,8w4gz-1771486754597-874195125f1c,"Mozilla/5.0 (Macintosh; Intel Mac OS X 10_15_7) AppleWebKit/605.1.15 (KHTML, like Gecko)",,production,main,MISS,function,/api/tournaments/[id]/leaderboard,rep-chess-tg-app-zgwj.vercel.app,rep-chess-tg-app-zgwj-arm27kg4x-dmitryekimyans-projects.vercel.app,dpl_EbNa9symscNMUPHhm8M3pBehsUk7,797,iad1,314,2048,,prj_0yLHQMiPgbEVxj7Lxilg4OfigUTu,,,01KHTDDDTT803V262ZAYMFQZTT,uKUWFNdLib1p,1
2026-02-19 07:39:03,1771486743615,rep-chess-tg-app-zgwj.vercel.app/api/tournaments/32/leaderboard,GET,nxtPid=32,200,7xpst-1771486743615-8b5b49406e80,"Mozilla/5.0 (Macintosh; Intel Mac OS X 10_15_7) AppleWebKit/605.1.15 (KHTML, like Gecko)",,production,main,MISS,function,/api/tournaments/[id]/leaderboard,rep-chess-tg-app-zgwj.vercel.app,rep-chess-tg-app-zgwj-arm27kg4x-dmitryekimyans-projects.vercel.app,dpl_EbNa9symscNMUPHhm8M3pBehsUk7,777,iad1,314,2048,,prj_0yLHQMiPgbEVxj7Lxilg4OfigUTu,,,01KHTDD33EV6B85794QW9FQTD8,uKUWFNdLib1p,1
2026-02-19 07:38:52,1771486732596,rep-chess-tg-app-zgwj.vercel.app/api/tournaments/32/leaderboard,GET,nxtPid=32,200,8c49r-1771486732596-b78b326e9e72,"Mozilla/5.0 (Macintosh; Intel Mac OS X 10_15_7) AppleWebKit/605.1.15 (KHTML, like Gecko)",,production,main,MISS,function,/api/tournaments/[id]/leaderboard,rep-chess-tg-app-zgwj.vercel.app,rep-chess-tg-app-zgwj-arm27kg4x-dmitryekimyans-projects.vercel.app,dpl_EbNa9symscNMUPHhm8M3pBehsUk7,792,iad1,314,2048,,prj_0yLHQMiPgbEVxj7Lxilg4OfigUTu,,,01KHTDCRB41PDJ1DCWB2NRJKG8,uKUWFNdLib1p,1
2026-02-19 07:38:41,1771486721593,rep-chess-tg-app-zgwj.vercel.app/api/tournaments/32/leaderboard,GET,nxtPid=32,200,h8nkp-1771486721593-a6dfcbf27681,"Mozilla/5.0 (Macintosh; Intel Mac OS X 10_15_7) AppleWebKit/605.1.15 (KHTML, like Gecko)",,production,main,MISS,function,/api/tournaments/[id]/leaderboard,rep-chess-tg-app-zgwj.vercel.app,rep-chess-tg-app-zgwj-arm27kg4x-dmitryekimyans-projects.vercel.app,dpl_EbNa9symscNMUPHhm8M3pBehsUk7,803,iad1,314,2048,,prj_0yLHQMiPgbEVxj7Lxilg4OfigUTu,,,01KHTDCDKKCX3EN65HJ6JCQF1T,uKUWFNdLib1p,1
2026-02-19 07:38:30,1771486710611,rep-chess-tg-app-zgwj.vercel.app/api/tournaments/32/leaderboard,GET,nxtPid=32,200,nzd86-1771486710611-9451ab361873,"Mozilla/5.0 (Macintosh; Intel Mac OS X 10_15_7) AppleWebKit/605.1.15 (KHTML, like Gecko)",,production,main,MISS,function,/api/tournaments/[id]/leaderboard,rep-chess-tg-app-zgwj.vercel.app,rep-chess-tg-app-zgwj-arm27kg4x-dmitryekimyans-projects.vercel.app,dpl_EbNa9symscNMUPHhm8M3pBehsUk7,823,iad1,314,2048,,prj_0yLHQMiPgbEVxj7Lxilg4OfigUTu,,,01KHTDC2W9NZ1K8TMWV4WQ2D3D,uKUWFNdLib1p,1
2026-02-19 07:38:19,1771486699596,rep-chess-tg-app-zgwj.vercel.app/api/tournaments/32/leaderboard,GET,nxtPid=32,200,9llcf-1771486699596-2a5ff79ef0ac,"Mozilla/5.0 (Macintosh; Intel Mac OS X 10_15_7) AppleWebKit/605.1.15 (KHTML, like Gecko)",,production,main,MISS,function,/api/tournaments/[id]/leaderboard,rep-chess-tg-app-zgwj.vercel.app,rep-chess-tg-app-zgwj-arm27kg4x-dmitryekimyans-projects.vercel.app,dpl_EbNa9symscNMUPHhm8M3pBehsUk7,821,iad1,313,2048,,prj_0yLHQMiPgbEVxj7Lxilg4OfigUTu,,,01KHTDBR3YJWB4FHWAHP27CEWX,uKUWFNdLib1p,1
2026-02-19 07:38:09,1771486689292,rep-chess-tg-app-zgwj.vercel.app/api/tournaments/32/leaderboard,GET,nxtPid=32,200,lrqks-1771486689292-ef50699e1230,"Mozilla/5.0 (Macintosh; Intel Mac OS X 10_15_7) AppleWebKit/605.1.15 (KHTML, like Gecko)",,production,main,MISS,function,/api/tournaments/[id]/leaderboard,rep-chess-tg-app-zgwj.vercel.app,rep-chess-tg-app-zgwj-arm27kg4x-dmitryekimyans-projects.vercel.app,dpl_EbNa9symscNMUPHhm8M3pBehsUk7,773,iad1,313,2048,,prj_0yLHQMiPgbEVxj7Lxilg4OfigUTu,,,01KHTDBE1WHRC99N7DA2E0FZM2,uKUWFNdLib1p,1
2026-02-19 07:37:57,1771486677593,rep-chess-tg-app-zgwj.vercel.app/api/tournaments/32/leaderboard,GET,nxtPid=32,200,pnp9z-1771486677593-ab44c176cda9,"Mozilla/5.0 (Macintosh; Intel Mac OS X 10_15_7) AppleWebKit/605.1.15 (KHTML, like Gecko)",,production,main,MISS,function,/api/tournaments/[id]/leaderboard,rep-chess-tg-app-zgwj.vercel.app,rep-chess-tg-app-zgwj-arm27kg4x-dmitryekimyans-projects.vercel.app,dpl_EbNa9symscNMUPHhm8M3pBehsUk7,940,iad1,313,2048,,prj_0yLHQMiPgbEVxj7Lxilg4OfigUTu,,,01KHTDB2MAFZHQC2BZ8TK2V1BB,uKUWFNdLib1p,1
2026-02-19 07:37:47,1771486667488,rep-chess-tg-app-zgwj.vercel.app/api/tournaments/32/leaderboard,GET,nxtPid=32,200,xfffm-1771486667488-0a1e3b1298db,"Mozilla/5.0 (Macintosh; Intel Mac OS X 10_15_7) AppleWebKit/605.1.15 (KHTML, like Gecko)",,production,main,MISS,function,/api/tournaments/[id]/leaderboard,rep-chess-tg-app-zgwj.vercel.app,rep-chess-tg-app-zgwj-arm27kg4x-dmitryekimyans-projects.vercel.app,dpl_EbNa9symscNMUPHhm8M3pBehsUk7,972,iad1,313,2048,,prj_0yLHQMiPgbEVxj7Lxilg4OfigUTu,,,01KHTDARS648S0YV1ZR2DP2J05,uKUWFNdLib1p,1
2026-02-19 07:37:37,1771486657803,rep-chess-tg-app-zgwj.vercel.app/api/tournaments/32/leaderboard,GET,nxtPid=32,200,8ckdw-1771486657803-4fd1244c1b10,"Mozilla/5.0 (Macintosh; Intel Mac OS X 10_15_7) AppleWebKit/605.1.15 (KHTML, like Gecko)",,production,main,MISS,function,/api/tournaments/[id]/leaderboard,rep-chess-tg-app-zgwj.vercel.app,rep-chess-tg-app-zgwj-arm27kg4x-dmitryekimyans-projects.vercel.app,dpl_EbNa9symscNMUPHhm8M3pBehsUk7,1135,iad1,313,2048,,prj_0yLHQMiPgbEVxj7Lxilg4OfigUTu,,,01KHTDAF9RS7H6DKFBY3BK5H1R,uKUWFNdLib1p,1
2026-02-19 07:37:27,1771486647388,rep-chess-tg-app-zgwj.vercel.app/api/tournaments/32/leaderboard,GET,nxtPid=32,200,ds7qx-1771486647388-47f34ebf7315,"Mozilla/5.0 (Macintosh; Intel Mac OS X 10_15_7) AppleWebKit/605.1.15 (KHTML, like Gecko)",,production,main,MISS,function,/api/tournaments/[id]/leaderboard,rep-chess-tg-app-zgwj.vercel.app,rep-chess-tg-app-zgwj-arm27kg4x-dmitryekimyans-projects.vercel.app,dpl_EbNa9symscNMUPHhm8M3pBehsUk7,1131,iad1,313,2048,,prj_0yLHQMiPgbEVxj7Lxilg4OfigUTu,,,01KHTDA548VE99P9G0EE4B659Z,uKUWFNdLib1p,1
2026-02-19 07:37:17,1771486637203,rep-chess-tg-app-zgwj.vercel.app/api/tournaments/32/leaderboard,GET,nxtPid=32,200,l4h5b-1771486637203-bebddb08675c,"Mozilla/5.0 (Macintosh; Intel Mac OS X 10_15_7) AppleWebKit/605.1.15 (KHTML, like Gecko)",,production,main,MISS,function,/api/tournaments/[id]/leaderboard,rep-chess-tg-app-zgwj.vercel.app,rep-chess-tg-app-zgwj-arm27kg4x-dmitryekimyans-projects.vercel.app,dpl_EbNa9symscNMUPHhm8M3pBehsUk7,765,iad1,312,2048,,prj_0yLHQMiPgbEVxj7Lxilg4OfigUTu,,,01KHTD9V5Y8V59190MTDQHDGHT,uKUWFNdLib1p,1
2026-02-19 07:37:07,1771486627202,rep-chess-tg-app-zgwj.vercel.app/api/tournaments/32/leaderboard,GET,nxtPid=32,200,h8nkp-1771486627202-04a5f1df62c0,"Mozilla/5.0 (Macintosh; Intel Mac OS X 10_15_7) AppleWebKit/605.1.15 (KHTML, like Gecko)",,production,main,MISS,function,/api/tournaments/[id]/leaderboard,rep-chess-tg-app-zgwj.vercel.app,rep-chess-tg-app-zgwj-arm27kg4x-dmitryekimyans-projects.vercel.app,dpl_EbNa9symscNMUPHhm8M3pBehsUk7,777,iad1,310,2048,,prj_0yLHQMiPgbEVxj7Lxilg4OfigUTu,,,01KHTD9HDMPQDEV9VHJA0B2WY7,uKUWFNdLib1p,1
2026-02-19 07:36:57,1771486617111,rep-chess-tg-app-zgwj.vercel.app/api/tournaments/32/leaderboard,GET,nxtPid=32,200,8c49r-1771486617111-c7b800efb6b4,"Mozilla/5.0 (Macintosh; Intel Mac OS X 10_15_7) AppleWebKit/605.1.15 (KHTML, like Gecko)",,production,main,MISS,function,/api/tournaments/[id]/leaderboard,rep-chess-tg-app-zgwj.vercel.app,rep-chess-tg-app-zgwj-arm27kg4x-dmitryekimyans-projects.vercel.app,dpl_EbNa9symscNMUPHhm8M3pBehsUk7,990,iad1,310,2048,,prj_0yLHQMiPgbEVxj7Lxilg4OfigUTu,,,01KHTD97J2BQ3CBQE646MSN615,uKUWFNdLib1p,1
2026-02-19 07:36:47,1771486607114,rep-chess-tg-app-zgwj.vercel.app/api/tournaments/32,GET,nxtPid=32,200,s2m49-1771486607114-768baeefddd4,"Mozilla/5.0 (Macintosh; Intel Mac OS X 10_15_7) AppleWebKit/605.1.15 (KHTML, like Gecko)",,production,main,MISS,function,/api/tournaments/[id],rep-chess-tg-app-zgwj.vercel.app,rep-chess-tg-app-zgwj-arm27kg4x-dmitryekimyans-projects.vercel.app,dpl_EbNa9symscNMUPHhm8M3pBehsUk7,121,iad1,280,2048,,prj_0yLHQMiPgbEVxj7Lxilg4OfigUTu,,,01KHTD8XN8K2236Q0Q592B62DQ,uKUWFNdLib1p,2
2026-02-19 07:36:47,1771486607114,rep-chess-tg-app-zgwj.vercel.app/api/tournaments/32/tours,GET,nxtPid=32,200,l4h5b-1771486607114-8efd52023c60,"Mozilla/5.0 (Macintosh; Intel Mac OS X 10_15_7) AppleWebKit/605.1.15 (KHTML, like Gecko)",,production,main,MISS,function,/api/tournaments/[id]/tours,rep-chess-tg-app-zgwj.vercel.app,rep-chess-tg-app-zgwj-arm27kg4x-dmitryekimyans-projects.vercel.app,dpl_EbNa9symscNMUPHhm8M3pBehsUk7,196,iad1,282,2048,,prj_0yLHQMiPgbEVxj7Lxilg4OfigUTu,,,01KHTD8XSQ7X3GX58GSMY310AV,9TJYk47vVdCf,1
2026-02-19 07:36:47,1771486607114,rep-chess-tg-app-zgwj.vercel.app/api/tournaments/32/leaderboard,GET,nxtPid=32,200,ds7qx-1771486607114-5576e12cf923,"Mozilla/5.0 (Macintosh; Intel Mac OS X 10_15_7) AppleWebKit/605.1.15 (KHTML, like Gecko)",,production,main,MISS,function,/api/tournaments/[id]/leaderboard,rep-chess-tg-app-zgwj.vercel.app,rep-chess-tg-app-zgwj-arm27kg4x-dmitryekimyans-projects.vercel.app,dpl_EbNa9symscNMUPHhm8M3pBehsUk7,955,iad1,269,2048,,prj_0yLHQMiPgbEVxj7Lxilg4OfigUTu,,,01KHTD8XSPNB4BXMN9PH4JCT80,7ovqN39mvfgj,1
2026-02-19 07:36:47,1771486607114,rep-chess-tg-app-zgwj.vercel.app/api/tournaments/32/tours/80/matches,GET,nxtPid=32&nxtPtourId=80,200,9llcf-1771486607114-3dab2f189c05,"Mozilla/5.0 (Macintosh; Intel Mac OS X 10_15_7) AppleWebKit/605.1.15 (KHTML, like Gecko)",,production,main,MISS,function,/api/tournaments/[id]/tours/[tourId]/matches,rep-chess-tg-app-zgwj.vercel.app,rep-chess-tg-app-zgwj-arm27kg4x-dmitryekimyans-projects.vercel.app,dpl_EbNa9symscNMUPHhm8M3pBehsUk7,158,iad1,268,2048,,prj_0yLHQMiPgbEVxj7Lxilg4OfigUTu,,,01KHTD8XSSDA3BAB026T3RH43J,Z52Az8910CEl,1
2026-02-19 07:36:46,1771486606857,rep-chess-tg-app-zgwj.vercel.app/admin/tournaments/32/tours/80,GET,_rsc=1a2si,200,s2m49-1771486606857-209fc9ab2f67,"Mozilla/5.0 (Macintosh; Intel Mac OS X 10_15_7) AppleWebKit/605.1.15 (KHTML, like Gecko)",,production,main,MISS,function,/admin/tournaments/[id]/tours/[tourId].rsc,rep-chess-tg-app-zgwj.vercel.app,rep-chess-tg-app-zgwj-arm27kg4x-dmitryekimyans-projects.vercel.app,dpl_EbNa9symscNMUPHhm8M3pBehsUk7,38,iad1,252,2048,,prj_0yLHQMiPgbEVxj7Lxilg4OfigUTu,,,01KHTD8XHYZ5JA7CK9ZG49WZT9,v8dM7FfKKFdQ,1
2026-02-19 07:36:46,1771486606853,rep-chess-tg-app-zgwj.vercel.app/api/tournaments/32/send-standings,POST,nxtPid=32,200,8c49r-1771486606853-51e1ed3d3511,"Mozilla/5.0 (Macintosh; Intel Mac OS X 10_15_7) AppleWebKit/605.1.15 (KHTML, like Gecko)",,production,main,MISS,function,/api/tournaments/[id]/send-standings,rep-chess-tg-app-zgwj.vercel.app,rep-chess-tg-app-zgwj-arm27kg4x-dmitryekimyans-projects.vercel.app,dpl_EbNa9symscNMUPHhm8M3pBehsUk7,2147,iad1,310,2048,,prj_0yLHQMiPgbEVxj7Lxilg4OfigUTu,,,01KHTD8XN8K2236Q0Q592B62DQ,uKUWFNdLib1p,2
2026-02-19 07:36:44,1771486604900,rep-chess-tg-app-zgwj.vercel.app/api/tournaments/32/tours/80/pairings,POST,nxtPid=32&nxtPtourId=80,201,8nl82-1771486604900-207a344d7a94,"Mozilla/5.0 (Macintosh; Intel Mac OS X 10_15_7) AppleWebKit/605.1.15 (KHTML, like Gecko)",,production,main,MISS,function,/api/tournaments/[id]/tours/[tourId]/pairings,rep-chess-tg-app-zgwj.vercel.app,rep-chess-tg-app-zgwj-arm27kg4x-dmitryekimyans-projects.vercel.app,dpl_EbNa9symscNMUPHhm8M3pBehsUk7,1718,iad1,272,2048,,prj_0yLHQMiPgbEVxj7Lxilg4OfigUTu,,,01KHTD8VMK2RXP7THTZKAYM1AX,bwbvnIGDdv0l,1
2026-02-19 07:36:44,1771486604147,rep-chess-tg-app-zgwj.vercel.app/api/tournaments/32/tours,POST,nxtPid=32,201,s2m49-1771486604147-b50e1998df59,"Mozilla/5.0 (Macintosh; Intel Mac OS X 10_15_7) AppleWebKit/605.1.15 (KHTML, like Gecko)",,production,main,MISS,function,/api/tournaments/[id]/tours,rep-chess-tg-app-zgwj.vercel.app,rep-chess-tg-app-zgwj-arm27kg4x-dmitryekimyans-projects.vercel.app,dpl_EbNa9symscNMUPHhm8M3pBehsUk7,442,iad1,279,2048,,prj_0yLHQMiPgbEVxj7Lxilg4OfigUTu,,,01KHTD8TXE6D12VJB6TSHFJ3JZ,uKUWFNdLib1p,1
2026-02-19 07:36:42,1771486602187,rep-chess-tg-app-zgwj.vercel.app/api/tournaments/32/leaderboard,GET,nxtPid=32,200,2cpjd-1771486602187-860ad10899fd,"Mozilla/5.0 (Macintosh; Intel Mac OS X 10_15_7) AppleWebKit/605.1.15 (KHTML, like Gecko)",,production,main,MISS,function,/api/tournaments/[id]/leaderboard,rep-chess-tg-app-zgwj.vercel.app,rep-chess-tg-app-zgwj-arm27kg4x-dmitryekimyans-projects.vercel.app,dpl_EbNa9symscNMUPHhm8M3pBehsUk7,886,iad1,279,2048,,prj_0yLHQMiPgbEVxj7Lxilg4OfigUTu,,,01KHTD8RZN8RP2WVWWTN9C8K3G,uKUWFNdLib1p,1
2026-02-19 07:36:41,1771486601583,rep-chess-tg-app-zgwj.vercel.app/api/tournaments/32/tours/79/matches,PATCH,nxtPid=32&nxtPtourId=79,200,h8nkp-1771486601319-f3a01d7dde3d,"Mozilla/5.0 (Macintosh; Intel Mac OS X 10_15_7) AppleWebKit/605.1.15 (KHTML, like Gecko)",error,production,main,MISS,function,/api/tournaments/[id]/tours/[tourId]/matches,rep-chess-tg-app-zgwj.vercel.app,rep-chess-tg-app-zgwj.vercel.app,dpl_EbNa9symscNMUPHhm8M3pBehsUk7,,,,,"Error getting tournament by id: {
  code: 'PGRST116',
  details: 'The result contains 0 rows',
  hint: null,
  message: 'Cannot coerce the result to a single JSON object'
}",prj_0yLHQMiPgbEVxj7Lxilg4OfigUTu,,,,,
2026-02-19 07:36:41,1771486601999,rep-chess-tg-app-zgwj.vercel.app/api/tournaments/32/tours/79/matches,PATCH,nxtPid=32&nxtPtourId=79,200,h8nkp-1771486601319-f3a01d7dde3d,"Mozilla/5.0 (Macintosh; Intel Mac OS X 10_15_7) AppleWebKit/605.1.15 (KHTML, like Gecko)",error,production,main,MISS,function,/api/tournaments/[id]/tours/[tourId]/matches,rep-chess-tg-app-zgwj.vercel.app,rep-chess-tg-app-zgwj.vercel.app,dpl_EbNa9symscNMUPHhm8M3pBehsUk7,,,,,"Error getting tournament by id: {
  code: 'PGRST116',
  details: 'The result contains 0 rows',
  hint: null,
  message: 'Cannot coerce the result to a single JSON object'
}",prj_0yLHQMiPgbEVxj7Lxilg4OfigUTu,,,,,
2026-02-19 07:36:41,1771486601319,rep-chess-tg-app-zgwj.vercel.app/api/tournaments/32/tours/79/matches,PATCH,nxtPid=32&nxtPtourId=79,200,h8nkp-1771486601319-f3a01d7dde3d,"Mozilla/5.0 (Macintosh; Intel Mac OS X 10_15_7) AppleWebKit/605.1.15 (KHTML, like Gecko)",,production,main,MISS,function,/api/tournaments/[id]/tours/[tourId]/matches,rep-chess-tg-app-zgwj.vercel.app,rep-chess-tg-app-zgwj.vercel.app,dpl_EbNa9symscNMUPHhm8M3pBehsUk7,630,iad1,279,2048,,prj_0yLHQMiPgbEVxj7Lxilg4OfigUTu,,,01KHTD8R4JRQ1NSETP8Y0TXM96,uKUWFNdLib1p,1
2026-02-19 07:36:39,1771486599532,rep-chess-tg-app-zgwj.vercel.app/api/tournaments/32/leaderboard,GET,nxtPid=32,200,2cpjd-1771486599532-a7331843a234,"Mozilla/5.0 (Macintosh; Intel Mac OS X 10_15_7) AppleWebKit/605.1.15 (KHTML, like Gecko)",,production,main,MISS,function,/api/tournaments/[id]/leaderboard,rep-chess-tg-app-zgwj.vercel.app,rep-chess-tg-app-zgwj-arm27kg4x-dmitryekimyans-projects.vercel.app,dpl_EbNa9symscNMUPHhm8M3pBehsUk7,887,iad1,279,2048,,prj_0yLHQMiPgbEVxj7Lxilg4OfigUTu,,,01KHTD8NP3YNRB8K0KNYJP003Z,uKUWFNdLib1p,2
2026-02-19 07:36:39,1771486599168,rep-chess-tg-app-zgwj.vercel.app/api/tournaments/32/tours/79/matches,PATCH,nxtPid=32&nxtPtourId=79,200,s2m49-1771486598887-0c0c2a7587c7,"Mozilla/5.0 (Macintosh; Intel Mac OS X 10_15_7) AppleWebKit/605.1.15 (KHTML, like Gecko)",error,production,main,MISS,function,/api/tournaments/[id]/tours/[tourId]/matches,rep-chess-tg-app-zgwj.vercel.app,rep-chess-tg-app-zgwj-arm27kg4x-dmitryekimyans-projects.vercel.app,dpl_EbNa9symscNMUPHhm8M3pBehsUk7,,,,,"Error getting tournament by id: {
  code: 'PGRST116',
  details: 'The result contains 0 rows',
  hint: null,
  message: 'Cannot coerce the result to a single JSON object'
}",prj_0yLHQMiPgbEVxj7Lxilg4OfigUTu,,,,,
2026-02-19 07:36:38,1771486598887,rep-chess-tg-app-zgwj.vercel.app/api/tournaments/32/tours/79/matches,PATCH,nxtPid=32&nxtPtourId=79,200,s2m49-1771486598887-0c0c2a7587c7,"Mozilla/5.0 (Macintosh; Intel Mac OS X 10_15_7) AppleWebKit/605.1.15 (KHTML, like Gecko)",,production,main,MISS,function,/api/tournaments/[id]/tours/[tourId]/matches,rep-chess-tg-app-zgwj.vercel.app,rep-chess-tg-app-zgwj-arm27kg4x-dmitryekimyans-projects.vercel.app,dpl_EbNa9symscNMUPHhm8M3pBehsUk7,449,iad1,279,2048,,prj_0yLHQMiPgbEVxj7Lxilg4OfigUTu,,,01KHTD8NP3YNRB8K0KNYJP003Z,uKUWFNdLib1p,2
2026-02-19 07:36:38,1771486598807,rep-chess-tg-app-zgwj.vercel.app/api/tournaments/32/leaderboard,GET,nxtPid=32,200,h8nkp-1771486598807-f9f3c3f0336b,"Mozilla/5.0 (Macintosh; Intel Mac OS X 10_15_7) AppleWebKit/605.1.15 (KHTML, like Gecko)",,production,main,MISS,function,/api/tournaments/[id]/leaderboard,rep-chess-tg-app-zgwj.vercel.app,rep-chess-tg-app-zgwj-arm27kg4x-dmitryekimyans-projects.vercel.app,dpl_EbNa9symscNMUPHhm8M3pBehsUk7,938,iad1,279,2048,,prj_0yLHQMiPgbEVxj7Lxilg4OfigUTu,,,01KHTD8NP3YNRB8K0KNYJP003Z,uKUWFNdLib1p,2
2026-02-19 07:36:28,1771486588811,rep-chess-tg-app-zgwj.vercel.app/api/tournaments/32/leaderboard,GET,nxtPid=32,200,crnzd-1771486588811-26ae25589d1f,"Mozilla/5.0 (Macintosh; Intel Mac OS X 10_15_7) AppleWebKit/605.1.15 (KHTML, like Gecko)",,production,main,MISS,function,/api/tournaments/[id]/leaderboard,rep-chess-tg-app-zgwj.vercel.app,rep-chess-tg-app-zgwj-arm27kg4x-dmitryekimyans-projects.vercel.app,dpl_EbNa9symscNMUPHhm8M3pBehsUk7,849,iad1,277,2048,,prj_0yLHQMiPgbEVxj7Lxilg4OfigUTu,,,01KHTD8BXMBGMQBEPPQCHE3W2R,uKUWFNdLib1p,3
2026-02-19 07:36:28,1771486588809,rep-chess-tg-app-zgwj.vercel.app/api/tournaments/32/tours,GET,nxtPid=32,200,tp822-1771486588809-55f6fbe3dd91,"Mozilla/5.0 (Macintosh; Intel Mac OS X 10_15_7) AppleWebKit/605.1.15 (KHTML, like Gecko)",,production,main,MISS,function,/api/tournaments/[id]/tours,rep-chess-tg-app-zgwj.vercel.app,rep-chess-tg-app-zgwj-arm27kg4x-dmitryekimyans-projects.vercel.app,dpl_EbNa9symscNMUPHhm8M3pBehsUk7,126,iad1,276,2048,,prj_0yLHQMiPgbEVxj7Lxilg4OfigUTu,,,01KHTD8BXMBGMQBEPPQCHE3W2R,uKUWFNdLib1p,3
2026-02-19 07:36:28,1771486588809,rep-chess-tg-app-zgwj.vercel.app/api/tournaments/32,GET,nxtPid=32,200,h8nkp-1771486588809-542af5ee3c7b,"Mozilla/5.0 (Macintosh; Intel Mac OS X 10_15_7) AppleWebKit/605.1.15 (KHTML, like Gecko)",,production,main,MISS,function,/api/tournaments/[id],rep-chess-tg-app-zgwj.vercel.app,rep-chess-tg-app-zgwj-arm27kg4x-dmitryekimyans-projects.vercel.app,dpl_EbNa9symscNMUPHhm8M3pBehsUk7,148,iad1,276,2048,,prj_0yLHQMiPgbEVxj7Lxilg4OfigUTu,,,01KHTD8BXMBGMQBEPPQCHE3W2R,uKUWFNdLib1p,3
2026-02-19 07:36:28,1771486588808,rep-chess-tg-app-zgwj.vercel.app/api/tournaments/32/tours/79/matches,GET,nxtPid=32&nxtPtourId=79,200,jvvlh-1771486588808-17a184994d5e,"Mozilla/5.0 (Macintosh; Intel Mac OS X 10_15_7) AppleWebKit/605.1.15 (KHTML, like Gecko)",,production,main,MISS,function,/api/tournaments/[id]/tours/[tourId]/matches,rep-chess-tg-app-zgwj.vercel.app,rep-chess-tg-app-zgwj-arm27kg4x-dmitryekimyans-projects.vercel.app,dpl_EbNa9symscNMUPHhm8M3pBehsUk7,135,iad1,276,2048,,prj_0yLHQMiPgbEVxj7Lxilg4OfigUTu,,,01KHTD8BXMBGMQBEPPQCHE3W2R,uKUWFNdLib1p,3
2026-02-19 07:36:27,1771486587943,rep-chess-tg-app-zgwj.vercel.app/admin/tournaments/32/tours/79,GET,_rsc=1kpwb,200,h8nkp-1771486587943-229fcee0fb84,"Mozilla/5.0 (Macintosh; Intel Mac OS X 10_15_7) AppleWebKit/605.1.15 (KHTML, like Gecko)",,production,main,MISS,function,/admin/tournaments/[id]/tours/[tourId].rsc,rep-chess-tg-app-zgwj.vercel.app,rep-chess-tg-app-zgwj-arm27kg4x-dmitryekimyans-projects.vercel.app,dpl_EbNa9symscNMUPHhm8M3pBehsUk7,114,iad1,251,2048,,prj_0yLHQMiPgbEVxj7Lxilg4OfigUTu,,,01KHTD8BBTJ942KJ18AF91FBRW,v8dM7FfKKFdQ,1
2026-02-19 07:36:25,1771486585753,rep-chess-tg-app-zgwj.vercel.app/api/tournaments/32/tours/79/pairings,POST,nxtPid=32&nxtPtourId=79,201,8w4gz-1771486585753-bec3c0cf5b02,"Mozilla/5.0 (Macintosh; Intel Mac OS X 10_15_7) AppleWebKit/605.1.15 (KHTML, like Gecko)",,production,main,MISS,function,/api/tournaments/[id]/tours/[tourId]/pairings,rep-chess-tg-app-zgwj.vercel.app,rep-chess-tg-app-zgwj-arm27kg4x-dmitryekimyans-projects.vercel.app,dpl_EbNa9symscNMUPHhm8M3pBehsUk7,1959,iad1,289,2048,,prj_0yLHQMiPgbEVxj7Lxilg4OfigUTu,,,01KHTD8924ECEHBTKESYDQT613,TydvLORboTJj,1
2026-02-19 07:36:24,1771486584801,rep-chess-tg-app-zgwj.vercel.app/api/tournaments/32/tours,POST,nxtPid=32,201,h8nkp-1771486584801-e4d4f8bb26a5,"Mozilla/5.0 (Macintosh; Intel Mac OS X 10_15_7) AppleWebKit/605.1.15 (KHTML, like Gecko)",,production,main,MISS,function,/api/tournaments/[id]/tours,rep-chess-tg-app-zgwj.vercel.app,rep-chess-tg-app-zgwj-arm27kg4x-dmitryekimyans-projects.vercel.app,dpl_EbNa9symscNMUPHhm8M3pBehsUk7,732,iad1,275,2048,,prj_0yLHQMiPgbEVxj7Lxilg4OfigUTu,,,01KHTD880NEVB9KC7TR7JT723B,uKUWFNdLib1p,1
2026-02-19 07:36:18,1771486578314,rep-chess-tg-app-zgwj.vercel.app/api/participants/add,POST,,201,crnzd-1771486578314-2307d3cd1a66,"Mozilla/5.0 (Macintosh; Intel Mac OS X 10_15_7) AppleWebKit/605.1.15 (KHTML, like Gecko)",,production,main,MISS,function,/api/participants/add,rep-chess-tg-app-zgwj.vercel.app,rep-chess-tg-app-zgwj-arm27kg4x-dmitryekimyans-projects.vercel.app,dpl_EbNa9symscNMUPHhm8M3pBehsUk7,609,iad1,274,2048,,prj_0yLHQMiPgbEVxj7Lxilg4OfigUTu,,,01KHTD81S8SABWXSZMJZXYVV52,uKUWFNdLib1p,1
2026-02-19 07:36:12,1771486572567,rep-chess-tg-app-zgwj.vercel.app/api/users/search,GET,q=User1002%20Test%20(%40user1002)&limit=8,200,h8nkp-1771486572567-5564e6b2b69a,"Mozilla/5.0 (Macintosh; Intel Mac OS X 10_15_7) AppleWebKit/605.1.15 (KHTML, like Gecko)",,production,main,MISS,function,/api/users/search,rep-chess-tg-app-zgwj.vercel.app,rep-chess-tg-app-zgwj-arm27kg4x-dmitryekimyans-projects.vercel.app,dpl_EbNa9symscNMUPHhm8M3pBehsUk7,121,iad1,274,2048,,prj_0yLHQMiPgbEVxj7Lxilg4OfigUTu,,,01KHTD7W252WQ0N1MNHGFZ2D6S,uKUWFNdLib1p,1
2026-02-19 07:36:10,1771486570700,rep-chess-tg-app-zgwj.vercel.app/api/users/search,GET,q=Test&limit=8,200,n7jqj-1771486570700-77cbaa72b79e,"Mozilla/5.0 (Macintosh; Intel Mac OS X 10_15_7) AppleWebKit/605.1.15 (KHTML, like Gecko)",,production,main,MISS,function,/api/users/search,rep-chess-tg-app-zgwj.vercel.app,rep-chess-tg-app-zgwj-arm27kg4x-dmitryekimyans-projects.vercel.app,dpl_EbNa9symscNMUPHhm8M3pBehsUk7,117,iad1,274,2048,,prj_0yLHQMiPgbEVxj7Lxilg4OfigUTu,,,01KHTD7T7PKJCDD8TJTZFXKBD1,uKUWFNdLib1p,1
2026-02-19 07:36:10,1771486570173,rep-chess-tg-app-zgwj.vercel.app/api/users/search,GET,q=Te&limit=8,200,xg622-1771486570173-66caf0824acc,"Mozilla/5.0 (Macintosh; Intel Mac OS X 10_15_7) AppleWebKit/605.1.15 (KHTML, like Gecko)",,production,main,MISS,function,/api/users/search,rep-chess-tg-app-zgwj.vercel.app,rep-chess-tg-app-zgwj-arm27kg4x-dmitryekimyans-projects.vercel.app,dpl_EbNa9symscNMUPHhm8M3pBehsUk7,119,iad1,274,2048,,prj_0yLHQMiPgbEVxj7Lxilg4OfigUTu,,,01KHTD7SQEAYJMRB6N2M748T2M,uKUWFNdLib1p,1
2026-02-19 07:36:06,1771486566416,rep-chess-tg-app-zgwj.vercel.app/api/participants/add,POST,,201,2txlv-1771486566416-407224b861e9,"Mozilla/5.0 (Macintosh; Intel Mac OS X 10_15_7) AppleWebKit/605.1.15 (KHTML, like Gecko)",,production,main,MISS,function,/api/participants/add,rep-chess-tg-app-zgwj.vercel.app,rep-chess-tg-app-zgwj-arm27kg4x-dmitryekimyans-projects.vercel.app,dpl_EbNa9symscNMUPHhm8M3pBehsUk7,762,iad1,273,2048,,prj_0yLHQMiPgbEVxj7Lxilg4OfigUTu,,,01KHTD7P1Y18GT9TB8TCRN74FM,uKUWFNdLib1p,1
2026-02-19 07:36:01,1771486561419,rep-chess-tg-app-zgwj.vercel.app/api/users/search,GET,q=%D0%A2%D0%B5%D1%81%D1%8215%20%D0%9F%D0%BE%D0%BB%D1%8C%D0%B7%D0%BE%D0%B2%D0%B0%D1%82%D0%B5%D0%BB%D1%8C15%20(%40test15)&limit=8,200,tx6gg-1771486561419-4317da6fe45e,"Mozilla/5.0 (Macintosh; Intel Mac OS X 10_15_7) AppleWebKit/605.1.15 (KHTML, like Gecko)",,production,main,MISS,function,/api/users/search,rep-chess-tg-app-zgwj.vercel.app,rep-chess-tg-app-zgwj-arm27kg4x-dmitryekimyans-projects.vercel.app,dpl_EbNa9symscNMUPHhm8M3pBehsUk7,129,iad1,273,2048,,prj_0yLHQMiPgbEVxj7Lxilg4OfigUTu,,,01KHTD7H5VJXC6T65FCY49T5SN,uKUWFNdLib1p,1
2026-02-19 07:35:59,1771486559499,rep-chess-tg-app-zgwj.vercel.app/api/users/search,GET,q=test15&limit=8,200,x769k-1771486559499-7a9a1f4e64f9,"Mozilla/5.0 (Macintosh; Intel Mac OS X 10_15_7) AppleWebKit/605.1.15 (KHTML, like Gecko)",,production,main,MISS,function,/api/users/search,rep-chess-tg-app-zgwj.vercel.app,rep-chess-tg-app-zgwj-arm27kg4x-dmitryekimyans-projects.vercel.app,dpl_EbNa9symscNMUPHhm8M3pBehsUk7,120,iad1,273,2048,,prj_0yLHQMiPgbEVxj7Lxilg4OfigUTu,,,01KHTD7FDC1FQKY04MD9C8CN96,uKUWFNdLib1p,1
2026-02-19 07:35:56,1771486556518,rep-chess-tg-app-zgwj.vercel.app/api/users/search,GET,q=Te&limit=8,200,x769k-1771486556518-1b404fd9d4f8,"Mozilla/5.0 (Macintosh; Intel Mac OS X 10_15_7) AppleWebKit/605.1.15 (KHTML, like Gecko)",,production,main,MISS,function,/api/users/search,rep-chess-tg-app-zgwj.vercel.app,rep-chess-tg-app-zgwj-arm27kg4x-dmitryekimyans-projects.vercel.app,dpl_EbNa9symscNMUPHhm8M3pBehsUk7,116,iad1,272,2048,,prj_0yLHQMiPgbEVxj7Lxilg4OfigUTu,,,01KHTD7CCHQGMR9KT2PET1B3FM,uKUWFNdLib1p,1
2026-02-19 07:35:52,1771486552114,rep-chess-tg-app-zgwj.vercel.app/api/participants/add,POST,,201,x769k-1771486552114-c3620dcf4e59,"Mozilla/5.0 (Macintosh; Intel Mac OS X 10_15_7) AppleWebKit/605.1.15 (KHTML, like Gecko)",,production,main,MISS,function,/api/participants/add,rep-chess-tg-app-zgwj.vercel.app,rep-chess-tg-app-zgwj-arm27kg4x-dmitryekimyans-projects.vercel.app,dpl_EbNa9symscNMUPHhm8M3pBehsUk7,760,iad1,272,2048,,prj_0yLHQMiPgbEVxj7Lxilg4OfigUTu,,,01KHTD782YEH9Z29RN91V3BW6A,uKUWFNdLib1p,1
2026-02-19 07:35:47,1771486547289,rep-chess-tg-app-zgwj.vercel.app/api/users/search,GET,q=User1000%20Test%20(%40user1000)&limit=8,200,x769k-1771486547289-23353767fb95,"Mozilla/5.0 (Macintosh; Intel Mac OS X 10_15_7) AppleWebKit/605.1.15 (KHTML, like Gecko)",,production,main,MISS,function,/api/users/search,rep-chess-tg-app-zgwj.vercel.app,rep-chess-tg-app-zgwj-arm27kg4x-dmitryekimyans-projects.vercel.app,dpl_EbNa9symscNMUPHhm8M3pBehsUk7,116,iad1,271,2048,,prj_0yLHQMiPgbEVxj7Lxilg4OfigUTu,,,01KHTD73C7H0HJ8ZD0YWC5X2F7,uKUWFNdLib1p,1
2026-02-19 07:35:45,1771486545247,rep-chess-tg-app-zgwj.vercel.app/api/users/search,GET,q=Test&limit=8,200,n7jqj-1771486545247-f9bb6cce7c62,"Mozilla/5.0 (Macintosh; Intel Mac OS X 10_15_7) AppleWebKit/605.1.15 (KHTML, like Gecko)",,production,main,MISS,function,/api/users/search,rep-chess-tg-app-zgwj.vercel.app,rep-chess-tg-app-zgwj-arm27kg4x-dmitryekimyans-projects.vercel.app,dpl_EbNa9symscNMUPHhm8M3pBehsUk7,286,iad1,270,2048,,prj_0yLHQMiPgbEVxj7Lxilg4OfigUTu,,,01KHTD71CA94YJ3QQPNKQ8RDYX,uKUWFNdLib1p,1
2026-02-19 07:35:44,1771486544607,rep-chess-tg-app-zgwj.vercel.app/api/users/search,GET,q=test&limit=8,200,n7jqj-1771486544607-ea6ba823fdc9,"Mozilla/5.0 (Macintosh; Intel Mac OS X 10_15_7) AppleWebKit/605.1.15 (KHTML, like Gecko)",,production,main,MISS,function,/api/users/search,rep-chess-tg-app-zgwj.vercel.app,rep-chess-tg-app-zgwj-arm27kg4x-dmitryekimyans-projects.vercel.app,dpl_EbNa9symscNMUPHhm8M3pBehsUk7,117,iad1,270,2048,,prj_0yLHQMiPgbEVxj7Lxilg4OfigUTu,,,01KHTD70RDWF3D8Q04YX7VVXAE,uKUWFNdLib1p,1
2026-02-19 07:35:44,1771486544214,rep-chess-tg-app-zgwj.vercel.app/api/users/search,GET,q=te&limit=8,200,bt754-1771486544214-a0e47e329eb4,"Mozilla/5.0 (Macintosh; Intel Mac OS X 10_15_7) AppleWebKit/605.1.15 (KHTML, like Gecko)",,production,main,MISS,function,/api/users/search,rep-chess-tg-app-zgwj.vercel.app,rep-chess-tg-app-zgwj-arm27kg4x-dmitryekimyans-projects.vercel.app,dpl_EbNa9symscNMUPHhm8M3pBehsUk7,120,iad1,269,2048,,prj_0yLHQMiPgbEVxj7Lxilg4OfigUTu,,,01KHTD70C4DQXY0YWRETSZJ89V,uKUWFNdLib1p,1
2026-02-19 07:35:40,1771486540676,rep-chess-tg-app-zgwj.vercel.app/api/participants/add,POST,,201,jks2l-1771486540676-fadec7a29bf0,"Mozilla/5.0 (Macintosh; Intel Mac OS X 10_15_7) AppleWebKit/605.1.15 (KHTML, like Gecko)",,production,main,MISS,function,/api/participants/add,rep-chess-tg-app-zgwj.vercel.app,rep-chess-tg-app-zgwj-arm27kg4x-dmitryekimyans-projects.vercel.app,dpl_EbNa9symscNMUPHhm8M3pBehsUk7,985,iad1,274,2048,,prj_0yLHQMiPgbEVxj7Lxilg4OfigUTu,,,01KHTD6X27M0QPDWPWWN869AGK,uKUWFNdLib1p,1
2026-02-19 07:35:31,1771486531216,rep-chess-tg-app-zgwj.vercel.app/api/users/search,GET,q=Test%20User%20(%40testuser)&limit=8,200,2fhqd-1771486531216-75b297769658,"Mozilla/5.0 (Macintosh; Intel Mac OS X 10_15_7) AppleWebKit/605.1.15 (KHTML, like Gecko)",,production,main,MISS,function,/api/users/search,rep-chess-tg-app-zgwj.vercel.app,rep-chess-tg-app-zgwj-arm27kg4x-dmitryekimyans-projects.vercel.app,dpl_EbNa9symscNMUPHhm8M3pBehsUk7,121,iad1,274,2048,,prj_0yLHQMiPgbEVxj7Lxilg4OfigUTu,,,01KHTD6KNXA7C3AJH7T392F2A5,uKUWFNdLib1p,1
2026-02-19 07:35:29,1771486529986,rep-chess-tg-app-zgwj.vercel.app/api/users/search,GET,q=Te&limit=8,200,782fs-1771486529986-a3d5ca086d55,"Mozilla/5.0 (Macintosh; Intel Mac OS X 10_15_7) AppleWebKit/605.1.15 (KHTML, like Gecko)",,production,main,MISS,function,/api/users/search,rep-chess-tg-app-zgwj.vercel.app,rep-chess-tg-app-zgwj-arm27kg4x-dmitryekimyans-projects.vercel.app,dpl_EbNa9symscNMUPHhm8M3pBehsUk7,117,iad1,271,2048,,prj_0yLHQMiPgbEVxj7Lxilg4OfigUTu,,,01KHTD6JFFQ7V2A06JKVG2Q3GC,uKUWFNdLib1p,1
2026-02-19 07:35:28,1771486528410,rep-chess-tg-app-zgwj.vercel.app/api/users/search,GET,q=te&limit=8,200,qzdjh-1771486528410-4b1f7160b297,"Mozilla/5.0 (Macintosh; Intel Mac OS X 10_15_7) AppleWebKit/605.1.15 (KHTML, like Gecko)",,production,main,MISS,function,/api/users/search,rep-chess-tg-app-zgwj.vercel.app,rep-chess-tg-app-zgwj-arm27kg4x-dmitryekimyans-projects.vercel.app,dpl_EbNa9symscNMUPHhm8M3pBehsUk7,164,iad1,268,2048,,prj_0yLHQMiPgbEVxj7Lxilg4OfigUTu,,,01KHTD6H2W7QM19XKCW9MPK56H,uKUWFNdLib1p,1
2026-02-19 07:35:24,1771486524686,rep-chess-tg-app-zgwj.vercel.app/api/tournaments/32/tours,GET,nxtPid=32,200,s2m49-1771486524686-1ea18d5267d7,"Mozilla/5.0 (Macintosh; Intel Mac OS X 10_15_7) AppleWebKit/605.1.15 (KHTML, like Gecko)",,production,main,MISS,function,/api/tournaments/[id]/tours,rep-chess-tg-app-zgwj.vercel.app,rep-chess-tg-app-zgwj-arm27kg4x-dmitryekimyans-projects.vercel.app,dpl_EbNa9symscNMUPHhm8M3pBehsUk7,754,iad1,263,2048,,prj_0yLHQMiPgbEVxj7Lxilg4OfigUTu,,,01KHTD6DFFHA4BPPMYF8RV1396,9TJYk47vVdCf,1
2026-02-19 07:35:24,1771486524686,rep-chess-tg-app-zgwj.vercel.app/api/users,GET,,200,k6hxj-1771486524686-b38282e4a06f,"Mozilla/5.0 (Macintosh; Intel Mac OS X 10_15_7) AppleWebKit/605.1.15 (KHTML, like Gecko)",,production,main,MISS,function,/api/users,rep-chess-tg-app-zgwj.vercel.app,rep-chess-tg-app-zgwj-arm27kg4x-dmitryekimyans-projects.vercel.app,dpl_EbNa9symscNMUPHhm8M3pBehsUk7,581,iad1,269,2048,,prj_0yLHQMiPgbEVxj7Lxilg4OfigUTu,,,01KHTD6DF2Z5FEAYTZ6DT3VWGV,7ovqN39mvfgj,1
2026-02-19 07:35:24,1771486524686,rep-chess-tg-app-zgwj.vercel.app/api/tournaments/32,GET,nxtPid=32,200,8w4gz-1771486524686-ed09b814ff8e,"Mozilla/5.0 (Macintosh; Intel Mac OS X 10_15_7) AppleWebKit/605.1.15 (KHTML, like Gecko)",,production,main,MISS,function,/api/tournaments/[id],rep-chess-tg-app-zgwj.vercel.app,rep-chess-tg-app-zgwj-arm27kg4x-dmitryekimyans-projects.vercel.app,dpl_EbNa9symscNMUPHhm8M3pBehsUk7,327,iad1,270,2048,,prj_0yLHQMiPgbEVxj7Lxilg4OfigUTu,,,01KHTD6DDWR34Y4DM4T7Y8431Z,Z52Az8910CEl,1
2026-02-19 07:35:24,1771486524686,rep-chess-tg-app-zgwj.vercel.app/api/tournaments/32/participants,GET,nxtPid=32,200,4pv9k-1771486524686-f44dc71521a8,"Mozilla/5.0 (Macintosh; Intel Mac OS X 10_15_7) AppleWebKit/605.1.15 (KHTML, like Gecko)",,production,main,MISS,function,/api/tournaments/[id]/participants,rep-chess-tg-app-zgwj.vercel.app,rep-chess-tg-app-zgwj-arm27kg4x-dmitryekimyans-projects.vercel.app,dpl_EbNa9symscNMUPHhm8M3pBehsUk7,817,iad1,260,2048,,prj_0yLHQMiPgbEVxj7Lxilg4OfigUTu,,,01KHTD6DFXNEZ58FQVAZRX9CYM,uKUWFNdLib1p,1
2026-02-19 07:35:24,1771486524031,rep-chess-tg-app-zgwj.vercel.app/admin/tournaments/32/participants,GET,_rsc=1tqsv,200,k6hxj-1771486524031-19bc06cb057e,"Mozilla/5.0 (Macintosh; Intel Mac OS X 10_15_7) AppleWebKit/605.1.15 (KHTML, like Gecko)",,production,main,MISS,function,/admin/tournaments/[id]/participants.rsc,rep-chess-tg-app-zgwj.vercel.app,rep-chess-tg-app-zgwj-arm27kg4x-dmitryekimyans-projects.vercel.app,dpl_EbNa9symscNMUPHhm8M3pBehsUk7,315,iad1,265,2048,,prj_0yLHQMiPgbEVxj7Lxilg4OfigUTu,,,01KHTD6CSHWNPZ6D2W5DSZ9HFM,k0Fz4f2npc78,1
2026-02-19 07:35:22,1771486522921,rep-chess-tg-app-zgwj.vercel.app/api/tournaments,POST,,201,4pv9k-1771486522921-081e217acc65,"Mozilla/5.0 (Macintosh; Intel Mac OS X 10_15_7) AppleWebKit/605.1.15 (KHTML, like Gecko)",,production,main,MISS,function,/api/tournaments,rep-chess-tg-app-zgwj.vercel.app,rep-chess-tg-app-zgwj-arm27kg4x-dmitryekimyans-projects.vercel.app,dpl_EbNa9symscNMUPHhm8M3pBehsUk7,634,iad1,279,2048,,prj_0yLHQMiPgbEVxj7Lxilg4OfigUTu,,,01KHTD6BT2VFFT1K3J9HRFS03P,Z52Az8910CEl,1
2026-02-19 07:35:01,1771486501904,rep-chess-tg-app-zgwj.vercel.app/api/admin/check,GET,,200,2fhqd-1771486501904-60bb54dd6f66,"Mozilla/5.0 (Macintosh; Intel Mac OS X 10_15_7) AppleWebKit/605.1.15 (KHTML, like Gecko)",,production,main,BYPASS,function,/api/admin/check,rep-chess-tg-app-zgwj.vercel.app,rep-chess-tg-app-zgwj-arm27kg4x-dmitryekimyans-projects.vercel.app,dpl_EbNa9symscNMUPHhm8M3pBehsUk7,129,iad1,289,2048,,prj_0yLHQMiPgbEVxj7Lxilg4OfigUTu,,,01KHTD5Q579VW9K6ZGK40SAG6M,ItxIAx1FQyMx,1
2026-02-19 07:35:01,1771486501904,rep-chess-tg-app-zgwj.vercel.app/api/admin/check,GET,,200,2fhqd-1771486501904-60bb54dd6f66,"Mozilla/5.0 (Macintosh; Intel Mac OS X 10_15_7) AppleWebKit/605.1.15 (KHTML, like Gecko)",,production,main,BYPASS,static,/api/admin/check,rep-chess-tg-app-zgwj.vercel.app,rep-chess-tg-app-zgwj-arm27kg4x-dmitryekimyans-projects.vercel.app,dpl_EbNa9symscNMUPHhm8M3pBehsUk7,334,lhr1,,,,prj_0yLHQMiPgbEVxj7Lxilg4OfigUTu,,,,,
2026-02-19 07:35:02,1771486502090,rep-chess-tg-app-zgwj.vercel.app/api/admin/check,GET,,403,472z9-1771486501903-5dc264c7d99e,"Mozilla/5.0 (Macintosh; Intel Mac OS X 10_15_7) AppleWebKit/605.1.15 (KHTML, like Gecko)",error,production,main,MISS,function,/api/admin/check,rep-chess-tg-app-zgwj.vercel.app,rep-chess-tg-app-zgwj.vercel.app,dpl_EbNa9symscNMUPHhm8M3pBehsUk7,,,,,No authorization header found,prj_0yLHQMiPgbEVxj7Lxilg4OfigUTu,,,,,
2026-02-19 07:35:01,1771486501903,rep-chess-tg-app-zgwj.vercel.app/api/admin/check,GET,,403,472z9-1771486501903-5dc264c7d99e,"Mozilla/5.0 (Macintosh; Intel Mac OS X 10_15_7) AppleWebKit/605.1.15 (KHTML, like Gecko)",,production,main,MISS,function,/api/admin/check,rep-chess-tg-app-zgwj.vercel.app,rep-chess-tg-app-zgwj.vercel.app,dpl_EbNa9symscNMUPHhm8M3pBehsUk7,13,iad1,250,2048,,prj_0yLHQMiPgbEVxj7Lxilg4OfigUTu,,,01KHTD5Q5QRNMP0VR4YV7YEFW7,RB6t11TZQ2h3,1
2026-02-19 07:35:01,1771486501431,rep-chess-tg-app-zgwj.vercel.app/api/admin/check,GET,,200,jvvlh-1771486501431-f23609fe617c,"Mozilla/5.0 (Macintosh; Intel Mac OS X 10_15_7) AppleWebKit/605.1.15 (KHTML, like Gecko)",,production,main,BYPASS,function,/api/admin/check,rep-chess-tg-app-zgwj.vercel.app,rep-chess-tg-app-zgwj-arm27kg4x-dmitryekimyans-projects.vercel.app,dpl_EbNa9symscNMUPHhm8M3pBehsUk7,147,iad1,288,2048,,prj_0yLHQMiPgbEVxj7Lxilg4OfigUTu,,,01KHTD5PK6HE1X1HGQT7RVX89A,ItxIAx1FQyMx,1
2026-02-19 07:35:01,1771486501431,rep-chess-tg-app-zgwj.vercel.app/api/admin/check,GET,,200,jvvlh-1771486501431-f23609fe617c,"Mozilla/5.0 (Macintosh; Intel Mac OS X 10_15_7) AppleWebKit/605.1.15 (KHTML, like Gecko)",,production,main,BYPASS,static,/api/admin/check,rep-chess-tg-app-zgwj.vercel.app,rep-chess-tg-app-zgwj-arm27kg4x-dmitryekimyans-projects.vercel.app,dpl_EbNa9symscNMUPHhm8M3pBehsUk7,250,lhr1,,,,prj_0yLHQMiPgbEVxj7Lxilg4OfigUTu,,,,,
2026-02-19 07:35:00,1771486500298,rep-chess-tg-app-zgwj.vercel.app/api/profile,GET,,200,bt754-1771486500298-8e1a2a1050cb,"Mozilla/5.0 (Macintosh; Intel Mac OS X 10_15_7) AppleWebKit/605.1.15 (KHTML, like Gecko)",,production,main,BYPASS,function,/api/profile,rep-chess-tg-app-zgwj.vercel.app,rep-chess-tg-app-zgwj-arm27kg4x-dmitryekimyans-projects.vercel.app,dpl_EbNa9symscNMUPHhm8M3pBehsUk7,158,iad1,287,2048,,prj_0yLHQMiPgbEVxj7Lxilg4OfigUTu,,,01KHTD5NQTXG62HQ2YTK4Q1S6Y,ItxIAx1FQyMx,1
2026-02-19 07:35:00,1771486500298,rep-chess-tg-app-zgwj.vercel.app/api/profile,GET,,200,bt754-1771486500298-8e1a2a1050cb,"Mozilla/5.0 (Macintosh; Intel Mac OS X 10_15_7) AppleWebKit/605.1.15 (KHTML, like Gecko)",,production,main,BYPASS,static,/api/profile,rep-chess-tg-app-zgwj.vercel.app,rep-chess-tg-app-zgwj-arm27kg4x-dmitryekimyans-projects.vercel.app,dpl_EbNa9symscNMUPHhm8M3pBehsUk7,514,lhr1,,,,prj_0yLHQMiPgbEVxj7Lxilg4OfigUTu,,,,,
2026-02-19 07:34:59,1771486499920,rep-chess-tg-app-zgwj.vercel.app/,GET,_rsc=1szk4,200,4pv9k-1771486499920-4995c75aa5f8,"Mozilla/5.0 (Macintosh; Intel Mac OS X 10_15_7) AppleWebKit/605.1.15 (KHTML, like Gecko)",,production,main,PRERENDER,static,/index,rep-chess-tg-app-zgwj.vercel.app,rep-chess-tg-app-zgwj-arm27kg4x-dmitryekimyans-projects.vercel.app,dpl_EbNa9symscNMUPHhm8M3pBehsUk7,229,lhr1,,,,prj_0yLHQMiPgbEVxj7Lxilg4OfigUTu,,,,,
2026-02-19 07:34:56,1771486496271,rep-chess-tg-app-zgwj.vercel.app/api/admin/check,GET,,200,w8df8-1771486496271-d13071788c8f,"Mozilla/5.0 (Macintosh; Intel Mac OS X 10_15_7) AppleWebKit/605.1.15 (KHTML, like Gecko)",,production,main,BYPASS,function,/api/admin/check,rep-chess-tg-app-zgwj.vercel.app,rep-chess-tg-app-zgwj-arm27kg4x-dmitryekimyans-projects.vercel.app,dpl_EbNa9symscNMUPHhm8M3pBehsUk7,790,iad1,287,2048,,prj_0yLHQMiPgbEVxj7Lxilg4OfigUTu,,,01KHTD5HNFWQ75K1H0Z3WSBJM6,ItxIAx1FQyMx,1
2026-02-19 07:34:56,1771486496271,rep-chess-tg-app-zgwj.vercel.app/api/admin/check,GET,,200,w8df8-1771486496271-d13071788c8f,"Mozilla/5.0 (Macintosh; Intel Mac OS X 10_15_7) AppleWebKit/605.1.15 (KHTML, like Gecko)",,production,main,BYPASS,static,/api/admin/check,rep-chess-tg-app-zgwj.vercel.app,rep-chess-tg-app-zgwj-arm27kg4x-dmitryekimyans-projects.vercel.app,dpl_EbNa9symscNMUPHhm8M3pBehsUk7,832,lhr1,,,,prj_0yLHQMiPgbEVxj7Lxilg4OfigUTu,,,,,
2026-02-19 07:34:57,1771486497075,rep-chess-tg-app-zgwj.vercel.app/api/admin/check,GET,,403,bt754-1771486496271-58afde0a19bc,"Mozilla/5.0 (Macintosh; Intel Mac OS X 10_15_7) AppleWebKit/605.1.15 (KHTML, like Gecko)",error,production,main,MISS,function,/api/admin/check,rep-chess-tg-app-zgwj.vercel.app,rep-chess-tg-app-zgwj.vercel.app,dpl_EbNa9symscNMUPHhm8M3pBehsUk7,,,,,No authorization header found,prj_0yLHQMiPgbEVxj7Lxilg4OfigUTu,,,,,
2026-02-19 07:34:56,1771486496271,rep-chess-tg-app-zgwj.vercel.app/api/admin/check,GET,,403,bt754-1771486496271-58afde0a19bc,"Mozilla/5.0 (Macintosh; Intel Mac OS X 10_15_7) AppleWebKit/605.1.15 (KHTML, like Gecko)",,production,main,MISS,function,/api/admin/check,rep-chess-tg-app-zgwj.vercel.app,rep-chess-tg-app-zgwj.vercel.app,dpl_EbNa9symscNMUPHhm8M3pBehsUk7,504,iad1,250,2048,,prj_0yLHQMiPgbEVxj7Lxilg4OfigUTu,,,01KHTD5HNHJX8Y4FF4E9B8GV91,RB6t11TZQ2h3,1
2026-02-19 07:34:55,1771486495846,rep-chess-tg-app-zgwj.vercel.app/admin,GET,_rsc=1tqsv,200,w8df8-1771486495846-2743b8457ff8,"Mozilla/5.0 (Macintosh; Intel Mac OS X 10_15_7) AppleWebKit/605.1.15 (KHTML, like Gecko)",,production,main,PRERENDER,static,/admin,rep-chess-tg-app-zgwj.vercel.app,rep-chess-tg-app-zgwj-arm27kg4x-dmitryekimyans-projects.vercel.app,dpl_EbNa9symscNMUPHhm8M3pBehsUk7,224,lhr1,,,,prj_0yLHQMiPgbEVxj7Lxilg4OfigUTu,,,,,
2026-02-19 07:34:50,1771486490189,rep-chess-tg-app-zgwj.vercel.app/admin/tournaments/new,GET,,200,w8df8-1771486490189-e825eb6dbbf0,"Mozilla/5.0 (Macintosh; Intel Mac OS X 10_15_7) AppleWebKit/605.1.15 (KHTML, like Gecko)",,production,main,PRERENDER,static,/admin/tournaments/new,rep-chess-tg-app-zgwj.vercel.app,rep-chess-tg-app-zgwj-arm27kg4x-dmitryekimyans-projects.vercel.app,dpl_EbNa9symscNMUPHhm8M3pBehsUk7,418,lhr1,,,,prj_0yLHQMiPgbEVxj7Lxilg4OfigUTu,,,,,
2026-02-19 07:34:43,1771486483641,rep-chess-tg-app-zgwj-arm27kg4x-dmitryekimyans-projects.vercel.app/,GET,,200,qphs8-1771486483641-f212e7679247,vercel-favicon/1.0,,production,main,HIT,static,/,rep-chess-tg-app-zgwj-arm27kg4x-dmitryekimyans-projects.vercel.app,rep-chess-tg-app-zgwj-arm27kg4x-dmitryekimyans-projects.vercel.app,dpl_EbNa9symscNMUPHhm8M3pBehsUk7,11,sfo1,,,,prj_0yLHQMiPgbEVxj7Lxilg4OfigUTu,,,,,
2026-02-19 07:34:39,1771486479700,rep-chess-tg-app-zgwj-arm27kg4x-dmitryekimyans-projects.vercel.app/,GET,,200,bb8wz-1771486479700-22f43d0b54f9,vercel-screenshot/1.0,,production,main,HIT,static,/,rep-chess-tg-app-zgwj-arm27kg4x-dmitryekimyans-projects.vercel.app,rep-chess-tg-app-zgwj-arm27kg4x-dmitryekimyans-projects.vercel.app,dpl_EbNa9symscNMUPHhm8M3pBehsUk7,5,sfo1,,,,prj_0yLHQMiPgbEVxj7Lxilg4OfigUTu,,,,,
2026-02-19 07:34:39,1771486479641,rep-chess-tg-app-zgwj-arm27kg4x-dmitryekimyans-projects.vercel.app/,GET,,200,d56rs-1771486479641-c13cbd312092,vercel-screenshot/1.0,,production,main,HIT,static,/,rep-chess-tg-app-zgwj-arm27kg4x-dmitryekimyans-projects.vercel.app,rep-chess-tg-app-zgwj-arm27kg4x-dmitryekimyans-projects.vercel.app,dpl_EbNa9symscNMUPHhm8M3pBehsUk7,7,sfo1,,,,prj_0yLHQMiPgbEVxj7Lxilg4OfigUTu,,,,,
2026-02-19 07:34:39,1771486479522,rep-chess-tg-app-zgwj-arm27kg4x-dmitryekimyans-projects.vercel.app/,GET,,200,72gwb-1771486479522-aeaea2ee66d9,vercel-screenshot/1.0,,production,main,HIT,static,/,rep-chess-tg-app-zgwj-arm27kg4x-dmitryekimyans-projects.vercel.app,rep-chess-tg-app-zgwj-arm27kg4x-dmitryekimyans-projects.vercel.app,dpl_EbNa9symscNMUPHhm8M3pBehsUk7,103,sfo1,,,,prj_0yLHQMiPgbEVxj7Lxilg4OfigUTu,,,,,
2026-02-19 07:34:39,1771486479458,rep-chess-tg-app-zgwj-arm27kg4x-dmitryekimyans-projects.vercel.app/,GET,,200,dbl5n-1771486479458-46cfc21d2da9,vercel-screenshot/1.0,,production,main,HIT,static,/,rep-chess-tg-app-zgwj-arm27kg4x-dmitryekimyans-projects.vercel.app,rep-chess-tg-app-zgwj-arm27kg4x-dmitryekimyans-projects.vercel.app,dpl_EbNa9symscNMUPHhm8M3pBehsUk7,102,sfo1,,,,prj_0yLHQMiPgbEVxj7Lxilg4OfigUTu,,,,,
2026-02-19 07:34:39,1771486479390,rep-chess-tg-app-zgwj-arm27kg4x-dmitryekimyans-projects.vercel.app/,GET,,200,tbz9d-1771486479390-a44d0ff328cb,"Mozilla/5.0 (X11; Linux x86_64) AppleWebKit/537.36 (KHTML, like Gecko) HeadlessChrome/141.0.7390.0 Safari/537.36",,production,main,HIT,static,/,rep-chess-tg-app-zgwj-arm27kg4x-dmitryekimyans-projects.vercel.app,rep-chess-tg-app-zgwj-arm27kg4x-dmitryekimyans-projects.vercel.app,dpl_EbNa9symscNMUPHhm8M3pBehsUk7,104,sfo1,,,,prj_0yLHQMiPgbEVxj7Lxilg4OfigUTu,,,,,
2026-02-19 07:34:39,1771486479128,rep-chess-tg-app-zgwj-arm27kg4x-dmitryekimyans-projects.vercel.app/,GET,,200,ks8t6-1771486479128-8302f43b857c,"Mozilla/5.0 (X11; Linux x86_64) AppleWebKit/537.36 (KHTML, like Gecko) HeadlessChrome/141.0.7390.0 Safari/537.36",,production,main,PRERENDER,static,/,rep-chess-tg-app-zgwj-arm27kg4x-dmitryekimyans-projects.vercel.app,rep-chess-tg-app-zgwj-arm27kg4x-dmitryekimyans-projects.vercel.app,dpl_EbNa9symscNMUPHhm8M3pBehsUk7,317,sfo1,,,,prj_0yLHQMiPgbEVxj7Lxilg4OfigUTu,,,,,
2026-02-19 07:31:48,1771486308385,rep-chess-tg-app-zgwj.vercel.app/admin/tournaments/new,GET,_rsc=1szk4,304,4pv9k-1771486308385-038aaffe7c43,"Mozilla/5.0 (Macintosh; Intel Mac OS X 10_15_7) AppleWebKit/605.1.15 (KHTML, like Gecko)",,production,main,HIT,static,/admin/tournaments/new,rep-chess-tg-app-zgwj.vercel.app,rep-chess-tg-app-zgwj-345y37cfx-dmitryekimyans-projects.vercel.app,dpl_2Dm1gWH8DCcKE21ZS1bDrfARJto9,7,lhr1,,,,prj_0yLHQMiPgbEVxj7Lxilg4OfigUTu,,,,,
2026-02-19 07:31:46,1771486306790,rep-chess-tg-app-zgwj.vercel.app/api/admin/check,GET,,200,hv8lx-1771486306790-2c3f8ca7c172,"Mozilla/5.0 (Macintosh; Intel Mac OS X 10_15_7) AppleWebKit/605.1.15 (KHTML, like Gecko)",,production,main,BYPASS,function,/api/admin/check,rep-chess-tg-app-zgwj.vercel.app,rep-chess-tg-app-zgwj-345y37cfx-dmitryekimyans-projects.vercel.app,dpl_2Dm1gWH8DCcKE21ZS1bDrfARJto9,244,iad1,272,2048,,prj_0yLHQMiPgbEVxj7Lxilg4OfigUTu,,,01KHTCZRGJ2RD0RGT63PWEYXNQ,mEr7xho1Wpud,1
2026-02-19 07:31:46,1771486306790,rep-chess-tg-app-zgwj.vercel.app/api/admin/check,GET,,200,hv8lx-1771486306790-2c3f8ca7c172,"Mozilla/5.0 (Macintosh; Intel Mac OS X 10_15_7) AppleWebKit/605.1.15 (KHTML, like Gecko)",,production,main,BYPASS,static,/api/admin/check,rep-chess-tg-app-zgwj.vercel.app,rep-chess-tg-app-zgwj-345y37cfx-dmitryekimyans-projects.vercel.app,dpl_2Dm1gWH8DCcKE21ZS1bDrfARJto9,342,lhr1,,,,prj_0yLHQMiPgbEVxj7Lxilg4OfigUTu,,,,,
2026-02-19 07:31:46,1771486306846,rep-chess-tg-app-zgwj.vercel.app/api/admin/check,GET,,403,9lp57-1771486306781-21fc39eb0231,"Mozilla/5.0 (Macintosh; Intel Mac OS X 10_15_7) AppleWebKit/605.1.15 (KHTML, like Gecko)",error,production,main,MISS,function,/api/admin/check,rep-chess-tg-app-zgwj.vercel.app,rep-chess-tg-app-zgwj.vercel.app,dpl_2Dm1gWH8DCcKE21ZS1bDrfARJto9,,,,,No authorization header found,prj_0yLHQMiPgbEVxj7Lxilg4OfigUTu,,,,,
2026-02-19 07:31:46,1771486306781,rep-chess-tg-app-zgwj.vercel.app/api/admin/check,GET,,403,9lp57-1771486306781-21fc39eb0231,"Mozilla/5.0 (Macintosh; Intel Mac OS X 10_15_7) AppleWebKit/605.1.15 (KHTML, like Gecko)",,production,main,MISS,function,/api/admin/check,rep-chess-tg-app-zgwj.vercel.app,rep-chess-tg-app-zgwj.vercel.app,dpl_2Dm1gWH8DCcKE21ZS1bDrfARJto9,12,iad1,271,2048,,prj_0yLHQMiPgbEVxj7Lxilg4OfigUTu,,,01KHTCZRGAJEYTRFQ6054B6BEE,wbzS8FCplPqP,1
2026-02-19 07:31:43,1771486303869,rep-chess-tg-app-zgwj.vercel.app/api/tournaments,GET,,200,7mcb8-1771486303869-33c6679ea1a2,"Mozilla/5.0 (Macintosh; Intel Mac OS X 10_15_7) AppleWebKit/605.1.15 (KHTML, like Gecko)",,production,main,MISS,function,/api/tournaments,rep-chess-tg-app-zgwj.vercel.app,rep-chess-tg-app-zgwj-345y37cfx-dmitryekimyans-projects.vercel.app,dpl_2Dm1gWH8DCcKE21ZS1bDrfARJto9,130,iad1,271,2048,,prj_0yLHQMiPgbEVxj7Lxilg4OfigUTu,,,01KHTCZNNAGSEZBQ23MW2ASB6V,wbzS8FCplPqP,1
2026-02-19 07:31:43,1771486303273,rep-chess-tg-app-zgwj.vercel.app/admin/tournaments,GET,_rsc=1szk4,304,bt754-1771486303273-4089c961c9b1,"Mozilla/5.0 (Macintosh; Intel Mac OS X 10_15_7) AppleWebKit/605.1.15 (KHTML, like Gecko)",,production,main,HIT,static,/admin/tournaments,rep-chess-tg-app-zgwj.vercel.app,rep-chess-tg-app-zgwj-345y37cfx-dmitryekimyans-projects.vercel.app,dpl_2Dm1gWH8DCcKE21ZS1bDrfARJto9,4,lhr1,,,,prj_0yLHQMiPgbEVxj7Lxilg4OfigUTu,,,,,
2026-02-19 07:31:41,1771486301151,rep-chess-tg-app-zgwj.vercel.app/api/admin/check,GET,,200,95zhn-1771486301151-9d7d22bee7ed,"Mozilla/5.0 (Macintosh; Intel Mac OS X 10_15_7) AppleWebKit/605.1.15 (KHTML, like Gecko)",,production,main,BYPASS,function,/api/admin/check,rep-chess-tg-app-zgwj.vercel.app,rep-chess-tg-app-zgwj-345y37cfx-dmitryekimyans-projects.vercel.app,dpl_2Dm1gWH8DCcKE21ZS1bDrfARJto9,159,iad1,269,2048,,prj_0yLHQMiPgbEVxj7Lxilg4OfigUTu,,,01KHTCZK1HPERNEV0K72SD2DVZ,wbzS8FCplPqP,1
2026-02-19 07:31:41,1771486301151,rep-chess-tg-app-zgwj.vercel.app/api/admin/check,GET,,200,95zhn-1771486301151-9d7d22bee7ed,"Mozilla/5.0 (Macintosh; Intel Mac OS X 10_15_7) AppleWebKit/605.1.15 (KHTML, like Gecko)",,production,main,BYPASS,static,/api/admin/check,rep-chess-tg-app-zgwj.vercel.app,rep-chess-tg-app-zgwj-345y37cfx-dmitryekimyans-projects.vercel.app,dpl_2Dm1gWH8DCcKE21ZS1bDrfARJto9,288,lhr1,,,,prj_0yLHQMiPgbEVxj7Lxilg4OfigUTu,,,,,
2026-02-19 07:31:41,1771486301092,rep-chess-tg-app-zgwj.vercel.app/api/admin/check,GET,,403,2fhqd-1771486301030-aa07fbe39520,"Mozilla/5.0 (Macintosh; Intel Mac OS X 10_15_7) AppleWebKit/605.1.15 (KHTML, like Gecko)",error,production,main,MISS,function,/api/admin/check,rep-chess-tg-app-zgwj.vercel.app,rep-chess-tg-app-zgwj.vercel.app,dpl_2Dm1gWH8DCcKE21ZS1bDrfARJto9,,,,,No authorization header found,prj_0yLHQMiPgbEVxj7Lxilg4OfigUTu,,,,,
2026-02-19 07:31:41,1771486301030,rep-chess-tg-app-zgwj.vercel.app/api/admin/check,GET,,403,2fhqd-1771486301030-aa07fbe39520,"Mozilla/5.0 (Macintosh; Intel Mac OS X 10_15_7) AppleWebKit/605.1.15 (KHTML, like Gecko)",,production,main,MISS,function,/api/admin/check,rep-chess-tg-app-zgwj.vercel.app,rep-chess-tg-app-zgwj.vercel.app,dpl_2Dm1gWH8DCcKE21ZS1bDrfARJto9,8,iad1,268,2048,,prj_0yLHQMiPgbEVxj7Lxilg4OfigUTu,,,01KHTCZJWMMGWQA5SGF2B673CW,wbzS8FCplPqP,1
